nome,genero,data_nascimento,presenca_plenario,ausencia_plenario,ausencia_justificada_plenario,presenca_comissao,ausencia_comissao,ausencia_justificada_comissao,gasto_total_par,gasto_jan_par,gasto_fev_par,gasto_mar_par,gasto_abr_par,gasto_mai_par,gasto_jun_par,gasto_out_par,gasto_nov_par,gasto_total_gab,gasto_jan_gab,gasto_fev_gab,gasto_mar_gab,gasto_abr_gab,gasto_mai_gab,gasto_jun_gab,gasto_jul_gab,gasto_ago_gab,gasto_set_gab,gasto_out_gab
RENATA HELLMEISTER DE ABREU,F,15/04/1982,48,0,14,5,18,10,"199.541,42","31.109,86","31.679,38","42.089,94","31.671,65","42.896,72","3.728,86","14.647,92","1.717,09","1.073.067,29","96.622,36","104.075,25","110.440,45","106.841,60","108.188,68","109.718,62","106.018,07","110.109,96","110.476,84","110.575,46"
TABATA CLAUDIA AMARAL DE PONTES,F,14/11/1993,88,3,1,137,9,0,"282.725,01","38.950,69","27.888,06","35.331,21","32.068,77","49.942,23","49.334,59","15.953,95","17,02","744.732,36","90.049,89","91.799,32","91.532,51","93.743,68","102.729,84","100.032,77","52.077,47","38.232,71","30.268,49","54.265,68"
TALIRIA PETRONE SOARES,F,09/04/1985,76,2,14,27,32,19,"273.502,65","35.801,22","32.189,96","31.865,89","45.403,28","29.413,08","37.323,98","3.279,24","331,87","1.114.287,26","111.647,51","111.647,51","111.647,51","111.555,29","111.584,31","111.647,53","111.647,53","110.216,76","111.417,00","111.276,31"
SAMIA DE SOUZA BOMFIM,F,22/08/1989,78,0,14,32,3,0,"312.644,24","29.863,31","33.173,07","52.100,08","33.373,57","49.527,82","25.800,86","21.406,64","0,00","1.089.070,53","101.425,05","108.439,14","108.239,71","106.353,47","110.257,66","110.871,10","110.871,10","110.871,10","110.871,10","110.871,10"
SILVIA CRISTINA AMANCIO CHAGAS,F,15/01/1974,89,1,2,55,31,5,"325.680,08","38.497,24","41.381,49","41.593,07","52.095,78","77.841,57","30.489,93","7.253,38","2.569,59","1.112.657,25","111.374,48","110.870,15","110.767,11","111.370,23","111.247,85","111.259,60","111.526,12","111.514,99","111.410,91","111.315,81"
SORAYA ALENCAR DOS SANTOS,F,04/12/1958,90,0,2,29,16,0,"241.340,36","30.377,64","25.882,69","44.839,17","32.605,66","18.501,89","34.461,17","3.618,71","165,63","1.088.262,38","109.912,12","110.159,23","104.418,43","104.366,11","108.917,92","108.917,92","109.011,86","110.852,93","110.852,93","110.852,93"
TEREZA CRISTINA CORREA DA COSTA DIAS,F,06/07/1954,63,4,2,59,6,1,"144.090,44",,,"0,04","21.629,55","17.413,02","24.574,99","16.121,69","4.109,02","682.604,66","0,00","0,00","1.279,50","71.166,60","104.538,87","108.750,39","111.222,82","102.614,06","93.234,05","89.798,37"
SHÉRIDAN ESTÉRFANY OLIVEIRA RAMOS,F,11/04/1984,53,4,35,0,3,0,"399.814,95","47.717,67","50.310,81","47.454,50","20.489,75","41.030,40","35.713,64","41.866,90","0,00","1.045.548,64","104.351,76","98.699,47","100.259,52","100.363,57","99.170,39","111.192,45","104.911,24","108.772,24","109.791,30","108.036,70"
ROSANGELA DE SOUZA GOMES,F,27/12/1966,77,0,15,2,0,0,"318.174,26","35.619,36","53.038,08","41.099,12","30.910,68","40.356,20","24.832,33","22.402,45","58,91","1.114.958,70","111.495,87","111.495,87","111.495,87","111.495,87","111.495,87","111.495,87","111.495,87","111.495,87","111.495,87","111.495,87"
VIVIANE DA COSTA REIS,F,05/08/1991,81,0,11,79,21,18,"360.325,42","50.505,11","33.624,12","47.121,22","42.779,32","38.398,45","36.910,98","21.089,09","288,09","1.108.885,82","111.413,83","111.501,88","108.988,28","109.564,43","110.684,14","111.041,26","111.423,00","111.423,00","111.423,00","111.423,00"
TEREZA NELMA DA SILVA PORTO VIANA SOARES,F,07/10/1957,79,0,13,103,35,49,"358.627,21","42.581,54","41.297,61","47.878,77","54.271,73","56.885,66","33.460,03","573,15","0,00","1.096.693,18","111.471,49","109.973,66","109.423,19","109.733,42","109.422,19","104.705,24","109.483,86","110.785,88","110.860,47","110.833,78"
ROSANA DE OLIVEIRA VALLE,F,08/05/1969,87,2,3,44,2,2,"336.434,57","21.183,33","29.131,46","53.484,17","52.840,25","41.134,85","34.551,95","11.662,38","224,72","1.050.130,62","107.098,26","107.098,26","107.098,26","107.098,26","100.284,96","91.133,79","106.579,32","107.632,04","109.901,08","106.206,39"
ELCIONE THEREZINHA ZAHLUTH BARBALHO,F,05/10/1944,74,13,5,11,16,2,"323.224,20","18.282,77","21.903,47","42.172,90","54.698,46","50.424,42","44.680,57","18.147,74","1.347,37","1.090.868,22","109.942,97","108.266,63","106.606,75","106.963,42","110.173,43","110.012,89","110.173,43","111.342,81","111.617,17","105.768,72"
ÉRIKA JUCÁ KOKAY,F,15/08/1957,90,1,1,132,16,1,"219.455,01","21.175,36","26.961,36","57.030,55","8.623,76","69.810,79","1.267,02","33.212,46","250,02","1.104.968,28","106.905,18","108.909,18","111.417,57","111.495,83","111.623,02","111.495,84","110.449,20","109.666,70","111.532,23","111.473,53"
FERNANDA MELCHIONNA E SILVA,F,02/02/1984,88,3,1,54,9,0,"296.458,41","20.500,17","21.194,89","56.736,14","41.442,21","70.363,57","28.035,03","13.667,64","417,59","1.089.686,56","108.969,03","110.770,20","111.295,57","111.471,67","111.471,67","111.005,21","108.790,95","108.173,01","107.268,84","100.470,41"
FLÁVIA CAROLINA PÉRES,F,21/01/1980,60,4,5,0,3,1,"94.924,34",,,"0,00","6.864,73","10.563,71","18.634,34","12.950,04","0,00","584.981,55","0,00","0,00","1.906,24","70.338,95","79.195,45","81.408,68","85.648,32","88.827,97","88.827,97","88.827,97"
FLÁVIA CARREIRO ALBUQUERQUE MORAIS,F,26/04/1969,86,0,6,123,0,3,"292.534,36","31.961,04","33.702,59","35.431,93","33.636,11","33.829,17","29.972,17","18.042,05","39,40","1.110.232,70","110.555,68","110.555,68","110.555,68","110.555,68","111.091,22","110.994,42","111.182,00","111.580,78","111.580,78","111.580,78"
Geovânia de Sá,F,30/03/1972,91,0,1,15,0,0,"291.293,02","24.548,31","31.895,95","46.155,40","48.301,66","38.575,18","41.038,25","21.317,39","40,00","1.099.857,22","111.111,81","111.610,95","111.659,69","111.659,69","110.768,99","110.692,78","103.468,98","111.168,24","111.168,24","106.547,85"
GLEISI HELENA HOFFMANN,F,06/09/1965,66,0,26,3,4,1,"356.166,15","48.759,04","47.652,40","59.416,08","55.375,62","43.129,42","20.852,42","13.254,54","321,20","1.115.264,20","111.526,42","111.526,42","111.526,42","111.526,42","111.526,42","111.526,42","111.526,42","111.526,42","111.526,42","111.526,42"
GREYCE DE QUEIROZ ELIAS,F,15/12/1981,77,3,12,28,18,4,"171.166,04","14.671,44","18.523,74","21.705,97","35.221,54","45.590,67","15.599,72","2.184,36","416,08","1.068.635,25","101.294,97","95.517,25","104.632,97","104.398,53","107.931,21","110.975,70","110.129,51","110.600,89","111.580,83","111.573,39"
IRACEMA MARIA PORTELLA NUNES NOGUEIRA LIMA,F,23/04/1966,35,4,0,0,0,0,"160.050,65","33.126,14","37.905,45","54.717,25","-799,73",,,"9.441,57","0,00","1.112.345,63","111.653,55","110.382,33","111.176,32","111.235,02","111.235,02","111.235,02","111.235,02","111.235,02","111.304,78","111.653,55"
JANDIRA FEGHALI,F,17/05/1957,91,1,0,41,28,0,"301.210,20","16.677,60","41.606,05","42.043,96","41.561,42","33.766,08","35.266,15","16.977,22","652,70","1.091.025,08","111.186,43","110.346,75","110.883,15","110.883,15","110.883,15","110.883,15","106.843,71","109.640,24","105.683,13","103.792,22"
JESSICA ROJAS SALES,F,28/11/1980,42,5,45,0,2,16,"372.828,96","36.557,22","42.553,73","47.072,55","56.770,07","58.428,19","3.133,62","106.000,00","0,00","1.115.845,95","111.568,56","111.568,56","111.568,56","111.568,56","111.568,56","111.568,56","111.568,56","111.571,11","111.647,46","111.647,46"
DIRLAINE JAQUELINE CASSOL,F,03/12/1974,81,3,8,47,15,8,"301.704,59","38.881,19","35.836,11","33.841,17","57.249,08","71.115,17","20.997,72","7.424,00","1.140,31","1.101.655,82","111.665,59","111.362,29","107.986,55","110.884,32","111.208,12","110.180,25","108.177,15","110.472,02","111.321,85","108.397,68"
JOENIA BATISTA DE CARVALHO,F,20/04/1973,83,0,9,98,15,12,"402.563,84","36.130,43","59.868,30","85.352,21","48.106,28","35.824,32","43.428,93","12.562,49","427,29","928.898,32","91.545,36","93.767,62","92.129,06","80.310,66","79.164,66","97.275,18","102.548,82","99.850,50","95.697,66","96.608,80"
JOICE CRISTINA HASSELMANN,F,29/01/1978,87,0,5,57,3,3,"298.433,25","25.636,10","21.173,13","72.944,98","50.332,77","44.859,38","25.702,26","1.969,75","0,00","1.031.958,41","99.430,88","106.641,61","98.487,95","101.062,57","108.786,73","110.597,86","108.539,98","102.509,19","97.950,82","97.950,82"
LAURIETE RODRIGUES DE JESUS,F,23/02/1970,89,0,3,48,2,2,"269.000,95","28.596,39","36.787,02","28.706,65","38.112,66","49.288,05","30.104,05","7.961,74","127,63","1.078.709,33","104.287,85","105.889,29","107.644,06","107.644,06","107.976,91","100.506,22","110.346,11","111.471,61","111.471,61","111.471,61"
LEANDRE DAL PONTE,F,20/12/1975,80,2,10,31,23,4,"362.122,06","30.663,14","49.384,33","39.707,22","42.738,34","55.109,67","32.174,71","29.896,72","1.542,59","1.099.930,90","108.159,67","108.159,67","109.633,48","109.791,39","109.791,39","110.801,97","109.549,18","111.428,41","111.307,87","111.307,87"
LEDA MARIA SADALA BRITO,F,11/06/1966,72,2,18,24,15,8,"343.923,35","32.892,40","30.026,99","54.798,85","53.049,21","51.266,85","41.748,71","8.540,00","250,00","1.101.943,16","111.429,13","111.306,30","109.662,60","107.931,96","110.017,93","110.446,45","110.633,94","109.994,10","111.659,63","108.861,12"
LÍDICE DA MATA E SOUZA,F,12/03/1956,89,0,3,56,4,4,"310.596,69","24.968,53","36.055,08","41.685,69","36.945,93","64.741,89","25.591,94","23.759,12","1.006,16","1.097.526,02","105.717,75","109.880,24","107.918,25","107.472,66","111.089,52","111.089,52","111.089,52","111.089,52","111.089,52","111.089,52"
LIZIANE BAYER DA COSTA,F,24/01/1981,92,0,0,54,18,1,"427.954,39","24.410,68","44.680,51","52.608,27","52.869,92","60.599,67","33.727,59","45.549,34","15.191,09","1.059.539,96","109.492,14","104.592,92","102.932,25","102.694,30","104.044,41","103.593,63","105.180,10","107.815,81","109.597,20","109.597,20"
LUISA CANZIANI DOS SANTOS SILVEIRA,F,11/04/1996,82,10,0,18,48,0,"285.386,61","27.680,49","45.240,66","36.807,66","34.716,65","40.742,27","35.801,06","12.687,07","7,20","1.065.687,38","111.489,76","107.944,29","101.185,89","106.123,31","110.764,80","108.871,95","100.476,78","99.154,41","109.664,15","110.012,04"
LUIZA ERUNDINA DE SOUSA,F,30/11/1934,78,0,14,37,14,9,"222.485,05","17.316,28","17.369,22","13.312,38","23.549,05","49.196,58","41.316,33","0,00","246,98","984.473,08","106.370,19","98.801,78","96.737,67","96.737,67","96.737,67","96.737,67","96.737,67","96.737,67","96.737,67","102.137,42"
LUIZIANNE DE OLIVEIRA LINS,F,18/11/1968,82,3,7,5,10,6,"391.834,12","43.009,21","49.188,28","62.832,39","40.398,85","50.556,05","27.655,84","27.778,93","0,00","1.116.014,42","111.647,55","111.647,55","111.647,55","111.647,55","111.647,55","111.647,55","111.532,28","111.532,28","111.532,28","111.532,28"
MARGARETE DE CASTRO COELHO,F,12/03/1961,81,4,7,58,22,5,"360.665,17","39.855,50","50.976,40","52.735,60","50.764,85","28.872,48","40.798,70","31.713,43","0,00","1.079.379,91","110.943,91","108.857,07","110.120,74","99.024,19","107.482,10","108.590,38","108.590,38","108.590,38","108.590,38","108.590,38"
MAGDA MOFATTO HON,F,26/10/1948,77,12,3,28,36,6,"247.802,06","41.429,43","31.068,63","47.136,54","47.632,39","46.414,73","19.428,88","69,27","0,00","1.079.760,32","103.642,03","111.061,35","110.458,33","109.242,74","110.160,73","111.392,46","111.429,23","111.429,23","100.201,81","100.742,41"
CYLMARA FERNANDES DA ROCHA GRIPP,F,04/09/1973,77,1,14,30,16,6,"429.966,83","56.886,05","57.867,30","54.199,26","62.724,01","46.657,40","33.841,62","42.994,12","0,00","1.108.625,39","110.779,96","110.779,96","110.779,96","110.779,96","110.779,96","109.894,35","110.779,96","110.983,86","111.574,61","111.492,81"
FABIANA SILVA DE SOUZA,F,09/01/1980,76,5,11,22,0,4,"246.957,42","19.669,14","45.316,31","52.715,53","30.152,26","32.781,41","27.385,49","1.966,38","286,53","1.113.455,24","111.544,24","111.438,52","111.398,27","111.315,37","111.119,65","111.039,60","111.350,20","111.350,20","111.554,84","111.344,35"
NORMA AYUB ALVES,F,07/09/1959,77,1,14,19,5,8,"274.172,87","19.354,87","22.480,29","25.213,93","34.202,81","34.648,47","33.963,01","24.913,35","2.914,25","1.086.780,10","109.263,62","109.263,62","109.371,25","108.682,13","108.282,54","109.497,38","106.962,54","107.480,28","107.282,54","110.694,20"
NATÁLIA BASTOS BONAVIDES,F,15/06/1988,86,0,6,16,15,4,"329.375,95","31.946,09","31.413,95","72.688,49","54.961,85","61.905,75","41.735,22","0,00","0,00","1.028.961,46","106.600,62","90.902,30","96.132,21","102.664,33","98.979,97","99.242,75","104.019,87","107.795,14","111.410,75","111.213,52"
MARIA DO ROSÁRIO NUNES,F,22/11/1966,77,9,6,48,22,12,"387.871,84","45.949,20","43.740,41","69.986,28","49.177,17","42.746,98","41.192,91","18.496,99","1.884,75","1.090.821,34","108.772,35","108.772,35","108.876,06","111.047,03","106.150,54","107.898,86","108.449,48","109.367,19","110.743,74","110.743,74"
MARIA DO PARTO MENDES ROSAS,F,01/10/1965,62,0,0,41,3,0,"187.092,56",,,,"18.825,99","31.183,42","39.925,50","16.101,15","200,00","1.099.115,16","106.936,54","107.061,76","110.238,71","111.538,37","111.538,37","109.915,15","107.599,10","111.210,42","111.538,37","111.538,37"
MARIANA FONSECA RIBEIRO CARVALHO DE MORAES,F,26/11/1986,53,4,4,14,6,4,"199.535,84","20.869,22","24.814,35","47.199,17","40.425,87","61.996,18","1.826,39","2.133,82","270,84","1.087.643,97","110.447,75","111.310,98","111.014,24","111.416,94","111.416,94","110.963,22","109.667,84","104.478,85","105.163,12","101.764,09"
MARÍLIA VALENÇA ROCHA ARRAES DE ALENCAR,F,12/04/1984,64,7,21,3,5,5,"279.180,89","13.902,07","25.170,41","93.784,61","29.683,86","54.406,01","14.216,62","6.719,11","317,86","1.069.269,96","108.653,71","111.429,12","111.429,12","109.087,10","107.972,58","111.617,16","110.853,68","111.354,04","98.888,69","87.984,76"
MARINA SANTOS BATISTA DIAS,F,13/09/1980,90,0,2,6,12,1,"356.995,02","23.811,47","41.587,12","38.764,57","41.760,61","35.827,39","43.099,71","39.929,24","464,20","1.114.463,33","111.495,88","111.495,88","111.311,17","111.495,87","111.185,14","111.495,87","111.495,88","111.495,88","111.495,88","111.495,88"
PATRICIA LIMA FERRAZ,F,09/01/1980,10,0,0,0,0,0,"55.295,48",,,,,,,"47.113,09","812,16","0,00","0,00","0,00","0,00","0,00","0,00","0,00","0,00","0,00","0,00","0,00"
MARIA PERPÉTUA DE ALMEIDA,F,28/12/1964,86,2,4,56,27,8,"388.926,37","40.876,75","38.531,07","65.864,03","66.620,97","53.571,92","37.080,29","11.611,31","486,85","1.103.492,51","111.465,58","106.860,33","104.769,12","111.544,45","111.544,45","111.544,45","111.499,84","111.405,91","111.429,19","111.429,19"
KATIA DA SILVA SASTRE,F,04/04/1976,91,1,0,38,19,0,"355.919,46","34.893,09","34.694,24","64.166,28","35.385,20","36.339,70","38.923,80","4.107,45","94,05","1.056.090,36","107.322,54","104.138,84","105.140,20","105.895,02","105.351,11","96.070,39","98.655,82","111.265,29","111.265,29","110.985,86"
DAYANE JAMILLE CARNEIRO DOS SANTOS PIMENTEL,F,30/01/1986,67,8,17,24,16,13,"221.802,92","24.757,35","14.536,29","33.354,13","32.630,75","38.636,18","25.835,19","6.205,76","232,13","1.091.268,51","103.819,39","108.270,50","109.719,50","110.069,34","110.134,52","109.472,23","110.404,13","110.404,13","110.398,05","108.576,72"
MARIA AUXILIADORA SEABRA REZENDE,F,01/10/1964,71,3,0,69,41,3,"244.204,17","20.187,34","51.058,21","42.305,79","52.041,49","47.722,61","22.610,88",,"0,00","1.033.855,08","97.131,95","97.131,95","102.063,65","104.981,11","97.310,99","99.796,88","102.973,35","109.375,33","111.544,35","111.545,52"
MARCIVANIA DO SOCORRO DA ROCHA FLEXA,F,21/06/1973,91,1,0,34,6,0,"369.249,80","73.518,31","24.414,79","47.486,37","49.562,35","28.947,17","39.390,78","47.181,00","6.000,00","1.113.310,62","111.465,49","111.400,50","110.738,38","111.378,13","111.439,63","111.111,26","111.351,62","111.476,44","111.465,50","111.483,67"
PAULA MORENO PARO BELMONTE,F,23/06/1973,87,3,2,62,27,6,"1.035.760,26","0,00","0,00","0,00","0,00","0,00","0,00","0,00","0,00","1.035.760,26","105.453,30","105.634,73","105.767,33","110.422,17","109.556,14","107.546,98","94.842,01","90.556,61","98.626,57","107.354,42"
ROSA NEIDE SANDES DE ALMEIDA,F,08/08/1963,88,1,3,40,5,4,"353.148,92","34.234,38","47.655,50","65.702,41","36.747,44","42.534,13","32.039,17","21.660,54","19.473,00","1.099.986,55","111.574,65","110.892,89","108.386,56","109.037,91","110.196,13","109.389,74","109.971,90","109.688,57","109.645,72","111.202,48"
ALINE SLEUTJES,F,26/07/1979,81,0,11,25,5,7,"260.137,48","17.590,89","37.246,93","44.589,79","28.504,61","62.024,69","25.909,67","8.102,19","130,01","1.047.581,56","108.562,89","107.823,39","108.054,31","102.862,93","104.407,00","105.903,30","107.141,12","104.241,48","105.514,93","93.070,21"
REJANE RIBEIRO SOUSA DIAS,F,04/09/1972,90,2,0,65,33,0,"238.951,27","16.913,54","23.065,31","34.072,61","41.316,06","35.393,20","27.658,11","9.141,10","360,01","1.022.389,38","94.123,29","94.123,29","94.123,29","96.640,01","103.386,00","97.900,48","110.730,33","111.077,25","111.077,25","109.208,19"
ADRIANA MIGUEL VENTURA,F,06/03/1969,92,0,0,75,0,0,"31.565,42","91,69","11.201,41","6,17","12.078,93","2.012,14","3.326,52","338,74","0,00","458.319,07","46.239,34","47.876,22","45.155,54","47.484,47","50.501,69","47.810,20","53.606,39","43.951,57","36.862,01","38.831,64"
ALESSANDRA SILVA RIBEIRO,F,04/07/1974,82,4,6,54,10,10,"256.412,00","21.847,22","26.068,76","54.557,47","38.257,92","39.369,73","21.249,25","5.513,30","0,00","757.373,84","73.391,76","71.163,83","70.424,23","71.271,43","75.507,41","78.795,10","74.373,30","79.377,41","79.377,41","83.691,96"
ALICE MAZZUCO PORTUGAL,F,16/05/1959,91,1,0,70,28,0,"379.369,73","64.843,86","35.974,10","45.630,28","30.967,04","44.643,22","33.926,95","32.292,34","48,23","1.103.738,12","109.364,13","110.762,68","110.837,35","110.137,04","110.137,04","110.137,04","110.137,04","110.131,96","111.046,92","111.046,92"
ALINE PARANHOS VARONIL GURGEL,F,25/11/1980,78,3,11,16,27,7,"424.332,48","42.916,79","55.902,66","41.953,93","40.253,23","74.755,05","10.460,16","23.300,00","0,00","1.109.475,15","111.429,18","111.160,99","111.429,20","111.429,20","111.429,20","111.429,20","111.429,20","111.429,20","109.688,29","108.621,49"
ANGELA REGINA HEINZEN AMIN HELOU,F,20/12/1953,88,0,4,61,0,1,"331.056,32","32.420,59","44.149,40","54.673,99","50.177,80","45.917,82","36.925,47","5.386,77","0,00","1.087.642,74","108.469,01","109.010,60","110.962,23","109.111,95","109.111,95","108.914,61","107.061,71","107.061,71","107.061,71","110.877,26"
BENEDITA SOUZA DA SILVA SAMPAIO,F,26/04/1942,45,1,46,22,16,17,"278.486,52","27.548,63","36.708,62","32.332,80","38.159,47","42.904,22","28.769,87","28.558,54","617,84","1.114.575,79","111.495,90","111.448,24","111.228,98","111.228,98","111.228,98","111.354,55","111.647,54","111.647,54","111.647,54","111.647,54"
ÁUREA CAROLINA DE FREITAS E SILVA,F,20/11/1983,75,0,17,22,5,5,"297.321,47","15.048,10","17.211,99","32.300,99","50.919,99","47.628,80","36.660,42","22.010,38","0,00","1.106.538,10","110.482,87","110.320,03","111.502,08","111.502,08","111.502,08","111.499,25","111.417,08","111.417,08","111.417,08","105.478,47"
BEATRIZ KICIS TORRENTS DE SORDI,F,19/09/1961,89,0,3,56,4,3,"215.925,63","25.190,49","25.724,28","26.105,29","27.799,70","29.874,33","15.473,15","21.381,74","869,99","1.114.049,30","111.271,47","111.271,47","111.271,47","111.271,47","111.271,47","111.538,39","111.538,39","111.538,39","111.538,39","111.538,39"
BRUNA DIAS FURLAN VICENTE,F,28/04/1983,39,4,0,0,0,0,"75.896,65","12.812,15","15.234,17","17.325,26","17.939,40",,,"6.302,20","230,06","986.727,25","102.008,81","103.337,22","104.665,63","85.126,66","89.553,78","105.191,41","111.416,96","104.020,17","87.826,95","93.579,66"
HILKEA CARLA DE SOUZA MEDEIROS LIMA,F,02/07/1976,91,1,0,62,5,0,"304.219,33","24.586,19","44.761,07","52.267,87","31.382,92","38.231,83","32.701,13","35.322,67","311,76","1.112.342,45","111.271,39","111.271,39","111.271,39","111.271,39","111.271,39","110.132,42","111.538,26","111.238,30","111.538,26","111.538,26"
CARLA ZAMBELLI SALGADO DE OLIVEIRA,F,03/07/1980,79,1,12,10,12,5,"262.306,41","35.310,53","29.972,46","28.196,83","21.729,23","51.011,16","22.816,95","20.785,86","1.005,67","1.095.690,52","111.549,61","111.299,27","110.215,67","105.302,52","108.206,27","105.657,79","108.726,99","111.400,84","111.665,78","111.665,78"
CAROLINE RODRIGUES DE TONI,F,01/09/1986,91,1,0,45,11,1,"107.603,50","1.577,63","9.002,78","14.101,09","11.285,98","24.174,38","15.473,46","5.223,46","2.095,58","910.528,01","84.266,39","86.627,52","88.148,33","92.593,08","96.367,63","96.367,63","93.146,11","92.800,95","92.800,95","87.409,42"
CELINA LEAO HIZIM FERREIRA,F,02/03/1977,71,19,2,18,23,1,"101.582,40","1.190,04","11.101,64","13.853,72","18.215,77","17.835,36","15.949,33","0,00","0,00","1.102.763,97","110.531,62","110.840,11","110.489,74","109.406,57","110.401,05","109.266,63","109.432,72","110.798,51","110.798,51","110.798,51"
CARMEN EMÍLIA BONFÁ ZANOTTO,F,06/10/1962,92,0,0,62,15,0,"231.024,12","15.385,24","28.801,18","31.514,98","30.373,86","35.066,26","31.040,14","6.058,22","0,00","981.103,21","101.754,20","102.247,05","101.219,81","102.930,96","102.930,96","101.603,76","86.458,75","91.918,18","92.236,93","97.802,61"
SORAYA DE SOUZA MANNATO,F,10/03/1961,92,0,0,111,64,0,"276.291,75","31.353,75","37.397,79","57.239,48","36.607,77","43.635,09","15.176,75","4.946,76","0,00","1.100.822,25","111.501,77","111.501,77","110.559,03","110.173,36","110.920,06","110.221,10","107.709,88","107.907,12","109.518,27","110.809,89"
VANDA DENIR MILANI NOGUEIRA,F,17/09/1953,72,7,13,31,22,11,"391.634,75","45.066,55","49.027,62","29.462,19","36.127,46","71.009,98","22.618,07","26.500,00","0,00","1.103.843,63","109.028,91","110.980,61","111.507,90","109.468,16","111.544,28","110.383,90","111.280,73","111.580,69","111.580,69","106.487,76"
DANIELA MOTE DE SOUZA CARNEIRO,F,10/02/1976,80,2,10,42,9,9,"304.951,63","35.968,58","36.604,61","48.540,64","61.049,56","50.236,04","27.308,97","0,00","26,28","1.097.670,85","111.004,43","110.578,75","110.970,40","111.234,95","111.234,95","111.234,95","111.234,95","110.155,05","109.870,15","100.152,27"
CHRISTINE NOGUEIRA DOS REIS TONIETTO,F,14/05/1991,88,2,2,59,6,4,"124.730,04","11.369,60","10.173,11","9.970,30","13.872,46","12.050,51","19.466,91","7.593,78","179,68","789.351,13","69.040,75","69.101,84","69.101,84","71.632,90","76.266,55","85.504,27","88.597,50","88.597,50","88.597,50","82.910,48"
CHRISTIANE DE SOUZA YARED,F,23/02/1960,83,0,9,27,5,6,"308.558,90","23.957,30","44.324,43","35.762,57","54.189,41","41.149,82","32.246,76","19.462,29","0,00","1.091.077,27","108.772,44","108.772,44","108.772,44","108.772,44","108.366,22","104.176,55","111.586,94","111.586,94","111.586,94","108.683,92"
DULCE FERREIRA PAGANI MIRANDA,F,15/12/1963,84,0,8,78,8,11,"385.034,30","17.405,28","54.422,42","66.007,20","43.629,27","48.597,93","16.964,63","38.029,26","178,37","1.102.626,13","111.515,73","108.469,11","109.947,21","108.778,45","110.497,62","110.780,17","110.780,17","110.780,17","110.297,33","110.780,17"
CLARISSA BARROS ASSED MATHEUS DE OLIVEIRA,F,02/07/1982,86,6,0,37,14,0,"289.071,20","7.971,69","16.907,30","54.747,61","49.861,80","57.969,92","53.352,84","1.855,18","59,76","1.112.908,07","110.918,38","110.319,03","110.945,19","111.532,21","111.532,21","111.532,21","111.532,21","111.532,21","111.532,21","111.532,21"
EDNACE ALVES SILVESTRE HENRIQUE,F,04/09/1958,52,1,9,13,6,7,"243.584,49",,,,"21.722,42","41.564,86","44.584,53","28.606,65","230,00","1.109.015,64","110.222,29","107.865,76","109.797,12","111.663,63","111.512,59","111.590,85","111.590,85","111.590,85","111.590,85","111.590,85"
